{
    "left": {
        "-0.8437004272944619": 1.2099999999999997,
        "-0.8378572300313737": 1.249999999999999,
        "-0.8374636116883953": 1.3499999999999968,
        "-0.8361247020156137": 1.334999999999997,
        "-0.8350175033893631": 1.2349999999999992,
        "-0.8344064779731599": 1.289999999999998,
        "-0.8314269435211695": 1.239999999999999,
        "-0.8311959411986789": 1.2799999999999983,
        "-0.8288061509530513": 1.3299999999999972,
        "-0.8282158297576316": 1.3049999999999977,
        "-0.8238077435985331": 1.2299999999999993,
        "-0.8224532443227133": 1.2149999999999996,
        "-0.8206961526384626": 1.2249999999999994,
        "-0.8206494155478344": 1.2599999999999987,
        "-0.8203731113532717": 1.2199999999999995,
        "-0.8193147909175901": 1.339999999999997,
        "-0.8192420103314607": 1.3199999999999974,
        "-0.818828059884958": 1.2549999999999988,
        "-0.8186936741802988": 1.2649999999999986,
        "-0.8184169487494184": 1.3149999999999975,
        "-0.8182111193666813": 1.294999999999998,
        "-0.8177351968466103": 1.3249999999999973,
        "-0.8166796775210768": 1.3099999999999976,
        "-0.8165039805143195": 1.2999999999999978,
        "-0.816176916112768": 1.2699999999999985,
        "-0.8147514656408104": 1.3449999999999969,
        "-0.8115927967220642": 1.3549999999999967,
        "-0.8109909227819141": 1.3649999999999964,
        "-0.8094142834841073": 1.2749999999999984,
        "-0.809259031770105": 1.2049999999999998,
        "-0.8084993745471897": 1.3599999999999965,
        "-0.8082101854773043": 1.3799999999999961,
        "-0.8039652477091137": 1.2849999999999981,
        "-0.8021672906761156": 1.3749999999999962,
        "-0.8016297805803655": 1.244999999999999,
        "-0.8009970046996837": 1.3699999999999963,
        "-0.7855354877308898": 1.384999999999996,
        "-0.7846047248565411": 1.389999999999996,
        "-0.7759385481780035": 1.3949999999999958,
        "-0.7653675211760304": 1.2,
        "-0.754810122933758": 1.3999999999999957,
        "-0.7502031806179371": 1.4049999999999956,
        "-0.7429065045238883": 1.4099999999999955,
        "-0.7274394571606461": 1.4149999999999954,
        "-0.7127906703559799": 1.4199999999999953,
        "-0.6869978524345239": 1.4249999999999952,
        "-0.6500392795491392": 1.429999999999995,
        "-0.6228869870683186": 1.434999999999995,
        "-0.5985875215878929": 1.4399999999999948,
        "-0.5446362071540488": 1.4449999999999947,
        "-0.5081099406474693": 1.4499999999999946,
        "-0.45723475002265807": 1.4549999999999945,
        "-0.35992699776842546": 1.4599999999999944,
        "-0.29692564605992783": 1.4649999999999943,
        "-0.24304837087704864": 1.4699999999999942,
        "-0.1841499037190561": 1.474999999999994,
        "-0.12874152267590183": 1.479999999999994,
        "-0.07038807016453838": 1.4849999999999939,
        "0.14792049799415286": 1.5150000000000061,
        "0.20795814187963338": 1.520000000000006,
        "0.2612476056060742": 1.525000000000006,
        "0.3139400583377145": 1.5300000000000058,
        "0.3636373797782749": 1.5350000000000057,
        "0.41451144324364686": 1.5400000000000056,
        "0.47413539874980726": 1.5450000000000055,
        "0.510855958324171": 1.5500000000000054,
        "0.5499589197562832": 1.5550000000000053,
        "0.5922459777731167": 1.5600000000000052,
        "0.6262758151241877": 1.565000000000005,
        "0.6500664669575287": 1.570000000000005,
        "0.6679807189169333": 1.5750000000000048,
        "0.6892098167216789": 1.5800000000000047,
        "0.7080777652604183": 1.5850000000000046,
        "0.7167176880318407": 1.8,
        "0.7233094864330338": 1.5900000000000045,
        "0.7358103200734598": 1.5950000000000044,
        "0.7492696212169611": 1.6000000000000043,
        "0.7494976440895942": 1.6050000000000042,
        "0.7637696435402088": 1.610000000000004,
        "0.7676725275936898": 1.615000000000004,
        "0.7753145934153501": 1.6200000000000039,
        "0.7783010963311476": 1.6300000000000037,
        "0.7861363160711872": 1.6800000000000026,
        "0.7866648802591842": 1.7000000000000022,
        "0.7871637682638053": 1.6350000000000036,
        "0.7876772833836736": 1.7400000000000013,
        "0.7904894883485353": 1.760000000000001,
        "0.7923184706011309": 1.7200000000000017,
        "0.7923664420673279": 1.7800000000000005,
        "0.7931376079108302": 1.755000000000001,
        "0.7934476601809636": 1.6500000000000032,
        "0.7939795033256654": 1.6550000000000031,
        "0.7941124484436886": 1.6400000000000035,
        "0.7949344859153967": 1.7700000000000007,
        "0.7956056578582583": 1.6750000000000027,
        "0.7957640532413262": 1.7250000000000016,
        "0.7960330437911314": 1.7300000000000015,
        "0.7960400601623225": 1.660000000000003,
        "0.7960701750864325": 1.7450000000000012,
        "0.7978447136401664": 1.750000000000001,
        "0.7981101638332574": 1.6950000000000023,
        "0.7984532540015594": 1.710000000000002,
        "0.7987434392136851": 1.705000000000002,
        "0.7993788872721639": 1.7150000000000019,
        "0.800059198776748": 1.6700000000000028,
        "0.800695902702367": 1.665000000000003,
        "0.8007959711527952": 1.7750000000000006,
        "0.8012381341135246": 1.6850000000000025,
        "0.801544225072113": 1.6450000000000033,
        "0.8017537336336457": 1.7850000000000004,
        "0.8017919728319111": 1.6900000000000024,
        "0.8019175749330476": 1.7650000000000008,
        "0.8020428562249963": 1.7350000000000014,
        "0.8025020342842335": 1.7950000000000002,
        "0.809737066946411": 1.6250000000000038,
        "0.8100522469450537": 1.7900000000000003
    },
    "right": {
        "-0.8575235010139067": 1.2299999999999993,
        "-0.832825503171839": 1.3099999999999976,
        "-0.8325916734562926": 1.2349999999999992,
        "-0.8307026362497876": 1.2149999999999996,
        "-0.8277161881817818": 1.3149999999999975,
        "-0.8275129233769645": 1.294999999999998,
        "-0.8273053671746899": 1.2549999999999988,
        "-0.8271510327503142": 1.289999999999998,
        "-0.8244084363787041": 1.249999999999999,
        "-0.823033849100803": 1.3749999999999962,
        "-0.8224851296701828": 1.2699999999999985,
        "-0.8224413717865755": 1.3299999999999972,
        "-0.8221227489906774": 1.2649999999999986,
        "-0.821429344263526": 1.239999999999999,
        "-0.8213009559233603": 1.2749999999999984,
        "-0.8203088040263541": 1.3549999999999967,
        "-0.8199644405739587": 1.2049999999999998,
        "-0.8193906180709434": 1.2249999999999994,
        "-0.8193639431943417": 1.2199999999999995,
        "-0.819336876601905": 1.339999999999997,
        "-0.8190140323137568": 1.2799999999999983,
        "-0.8189850558292768": 1.3249999999999973,
        "-0.8187936664779008": 1.2999999999999978,
        "-0.8187911282758229": 1.2849999999999981,
        "-0.815774058095496": 1.334999999999997,
        "-0.8157458598206861": 1.2599999999999987,
        "-0.8150806558090034": 1.3049999999999977,
        "-0.8141134333900342": 1.3199999999999974,
        "-0.8132890613087589": 1.244999999999999,
        "-0.8131736011032009": 1.3449999999999969,
        "-0.8117608101591465": 1.3499999999999968,
        "-0.8111172091702403": 1.3599999999999965,
        "-0.8096796531252141": 1.2099999999999997,
        "-0.803287708611402": 1.3699999999999963,
        "-0.8010552441125267": 1.3649999999999964,
        "-0.7852073533560125": 1.384999999999996,
        "-0.7845798627099005": 1.3799999999999961,
        "-0.7776221498222908": 1.389999999999996,
        "-0.7647197146209168": 1.3999999999999957,
        "-0.7558436171728993": 1.3949999999999958,
        "-0.7486747576395413": 1.4049999999999956,
        "-0.7271431182025483": 1.2,